{"lifes":3,"x":77.75309753417969,"y":4.944553852081299,"z":14.249670028686524,"rotateX":354.6518859863281,"rotateY":164.8502960205078,"rotateZ":-0.001239525736309588,"book":false,"boots":false,"present":false,"food":false,"metGopnik":true,"metGranny":false}