{"lifes":3,"x":-75.21662902832031,"y":4.0,"z":101.9614486694336,"rotateX":0.013374688103795052,"rotateY":0.14909030497074128,"rotateZ":-0.0020167629700154068,"book":false,"boots":false,"present":true,"food":false,"metGopnik":false,"metGranny":true}