{"lifes":3,"x":81.21623992919922,"y":6.760190010070801,"z":15.484354019165039,"rotate_x":-0.00018160766921937466,"rotate_y":0.9965269565582275,"rotate_z":0.0021740919910371305,"book":false,"boots":false,"present":false,"food":false,"met_gopnik":true,"met_babka":true}