{"lifes":2,"x":-77.68953704833985,"y":1.4926151037216187,"z":97.33660888671875,"rotate_x":0.0009768320014700294,"rotate_y":0.43569687008857729,"rotate_z":0.0025147704873234035,"book":false,"boots":false,"present":true,"food":false,"met_gopnik":false,"met_babka":true}