{"lifes":2,"x":81.19697570800781,"y":5.47579288482666,"z":15.626853942871094,"rotateX":3.499994993209839,"rotateY":167.7002410888672,"rotateZ":0.0,"book":true,"boots":true,"present":false,"food":false,"metGopnik":true,"metGranny":true}