{"lifes":3,"x":-80.7715072631836,"y":3.54290771484375,"z":98.6674575805664,"rotate_x":-0.006702426355332136,"rotate_y":0.2806606590747833,"rotate_z":0.001960771158337593,"book":false,"boots":false,"present":false,"food":false,"met_gopnik":false,"met_babka":true}